TARGET_CLASS,configuration_id,criterion,ctg_min_time_per_job,ctg_schedule,search_budget,p_object_pool,ctg_time_per_class,Size,Length,Total_Time,Random_Seed,LineCoverage,LineCoverageBitString,BranchCoverage,BranchCoverageBitString,ExceptionCoverage,ExceptionCoverageBitString,Explicit_MethodExceptions,Explicit_TypeExceptions,Implicit_MethodExceptions,Implicit_TypeExceptions,WeakMutationScore,WeakMutationCoverageBitString,OutputCoverage,OutputCoverageBitString,MethodCoverage,MethodCoverageBitString,MethodNoExceptionCoverage,MethodNoExceptionCoverageBitString,CBranchCoverage,CBranchCoverageBitString
net.mooctest.JCLO,default,LINE;BRANCH;EXCEPTION;WEAKMUTATION;OUTPUT;METHOD;METHODNOEXCEPTION;CBRANCH,1,BUDGET,245,0.3,15,16,70,264710,1524629926646,0.5757575757575758,111111111111111000000000001100000000011111011111111111111100001101010110000000000000000000111111111100000000000000011111110110000011111111111011111101111111111111111,0.4473684210526316,110111111111101110011001100010101110111111101111100000111111111100000000000000000000000000001111010000000000000000,1.0,111111111,1,1,8,4,0.4882943143812709,01111011010111110111100111111100000110110101010000101111101010111101111111111011110101111111011111111110111111011111011111010000000000000000000000000000000000000000000000000000111111111111111111110111010000000000000000000000000000000000000000000000000000000000000111111011111110111111111111111111000,0.5,100110,1.0,1111111,1.0,1111111,0.4473684210526316,110111111111101110101010100001101101111111011111010000111111111100000000000000000000000000001111010000000000000000
